,Name,Mileage (mi/day),Car Owners,Prices ($),No of Reviews,Insurance Fee,Image URL,Description,7 Days discount,30 Days discount
0,2020 Corolla Toyota,1000.0,House of,50.0,0,20.91,https://static.hyrecar.com/https://s3.amazonaws.com/hyreprod/cars/54a865e2-a259-498a-9ef1-0b6a8f9c219f?p=web.offer.detail.carrousel.fullscreen,Ride share or delivery ,,
1,2013 Corolla Toyota,1000.0,House of,45.0,6,20.31,https://static.hyrecar.com/https://s3.amazonaws.com/hyreprod/cars/309d0478-4695-4a75-8946-62a049d0a86e?p=web.offer.detail.carrousel.fullscreen,Delivery or rideshare ,,
2,2020 Corolla Toyota,1000.0,Min,49.0,0,20.79,https://static.hyrecar.com/https://s3.amazonaws.com/hyreprod/cars/9f3115b2-76d5-49f6-9307-2a1dd2973d10?p=web.offer.detail.carrousel.fullscreen,"2020 Toyota corolla
 Adaptive Cruise Control, ** Alloy Wheels / Premium Wheels, ** Backup Camera, ** Bluetooth, Hands-Free, ** Brake Assist, ** Heated Seats, ** Keyless Entry, ** Keyless Start, ** Lane Departure Warning, ** Navigation System, ** Premium Sound System / Premium Audio, 

No smoking or pets please!
No smoking or pets please.
This vehicle is equipped with an air tag for security measures, thanks",3.0,5.0
3,2017 Corolla Toyota,1000.0,House of,45.0,1,20.31,https://static.hyrecar.com/https://s3.amazonaws.com/hyreprod/cars/f3b11a5b-1b02-4870-8edc-2de795105007?p=web.offer.detail.carrousel.fullscreen,"** Rideshare and Delivery
For ride share or deliveries",,
4,2018 Corolla Toyota,1000.0,House of,50.0,4,20.91,https://static.hyrecar.com/https://s3.amazonaws.com/hyreprod/cars/44f17626-79f1-4e29-b2a0-529de01e2f97?p=web.offer.detail.carrousel.fullscreen,Ride share or delivery ,,
5,2014 Corolla Toyota,1000.0,House of,50.0,1,20.91,https://static.hyrecar.com/https://s3.amazonaws.com/hyreprod/cars/4869144d-2707-4b28-813d-7cfb3431b169?p=web.offer.detail.carrousel.fullscreen,Ride share or delivery ,,
6,2012 Prius Toyota,550.0,RENT IT NOW,42.0,1,19.95,https://static.hyrecar.com/https://s3.amazonaws.com/hyreprod/cars/0e8d1f14-124d-4122-92c9-dc7853b07c75?p=web.offer.detail.carrousel.fullscreen,"Ready for Ridshare 
Very Good in milage
Leather Seats",1.0,3.0
7,2011 Corolla Toyota,1000.0,House of,45.0,3,20.31,https://static.hyrecar.com/https://s3.amazonaws.com/hyreprod/cars/662c8e67-c2ae-4ad4-bbd9-d39a57709374?p=web.offer.detail.carrousel.fullscreen,Ride share or delivery,,
8,2018 Equinox Chevrolet,1000.0,Ruby crown,54.0,3,21.39,https://static.hyrecar.com/https://s3.amazonaws.com/hyreprod/cars/c381f2de-a4ab-42dc-bb74-23277763636e?p=web.offer.detail.carrousel.fullscreen,"** Rideshare and Delivery
Great vehicle",5.0,10.0
9,2015 Camry Toyota,500.0,Leap,47.0,0,20.55,https://static.hyrecar.com/https://s3.amazonaws.com/hyreprod/cars/c3bd3311-9497-46ee-a73c-e2e575d104e1?p=web.offer.detail.carrousel.fullscreen,"*** Delivery Only ***Do you want to save money on gas? This vehicle is perfect for that, toyota camry 2015 HYBRID. Minimum of 3 day lease.",5.0,10.0
10,2013 Camry Toyota,1000.0,Dumka,45.0,3,20.31,https://static.hyrecar.com/https://s3.amazonaws.com/hyreprod/cars/372cf317-5c32-43e7-a6de-da0591aff32b?p=web.offer.detail.carrousel.fullscreen,**  Rideshare & Delivery,,
11,2015 Camry Toyota,350.0,Leap,47.0,0,20.55,https://static.hyrecar.com/https://s3.amazonaws.com/hyreprod/cars/04cc5749-4ead-47e2-9abf-68406fc3fb5b?p=web.offer.detail.carrousel.fullscreen,"** Rideshare and Delivery.  A clean, cost effective and dependable Uber vehicle.    Minimum 3 day rental.",5.0,10.0
12,2024 Trax Chevrolet,1000.0,,70.0,1,,https://d1faaofv0bplxp.cloudfront.net/car_placeholder_image.svg,"Hello , my new fleet is here and I have brand new vehicles for you to be the first to drive in . Here at Ruby Crown llc we given new quality vehicles to our customers to excel and whatever they choose to use the car for rather it’s for vacation or business . Book now before it’s to late.",,
13,2014 Prius V Toyota,500.0,Leap,45.0,0,20.31,https://static.hyrecar.com/https://s3.amazonaws.com/hyreprod/cars/3967dd02-43d4-41ad-9ab8-3a7f95a792c4?p=web.offer.detail.carrousel.fullscreen,"Toyota Prius in very good condition. Lease this vehicle to earn money driving for uber - lyft or for your own personal use!  Great gas milage, great trunk space, Very clean!  3 day rental minimum.",3.0,8.0
14,2014 PRIUS Toyota,500.0,RENT IT NOW,40.0,1,19.71,https://static.hyrecar.com/https://s3.amazonaws.com/hyreprod/cars/eb07f6c0-a0e8-4a34-944d-942934e83735?p=web.offer.detail.carrousel.fullscreen,"Rear Camera 
Neat and Clean

RIDESHARE & DELIVERY ",3.0,5.0
15,2022 Forte Kia,1000.0,Ruby crown,59.0,1,21.99,https://static.hyrecar.com/https://s3.amazonaws.com/hyreprod/cars/5559f2dc-d1b2-425b-b41d-566f0d6a3fe3?p=web.offer.detail.carrousel.fullscreen,Clean Brand new car !! Great on gas !!! ,5.0,10.0
16,2012 Corolla Toyota,1000.0,braulio,45.0,8,20.31,https://static.hyrecar.com/https://s3.amazonaws.com/hyreprod/cars/274ca87d-a356-4f84-b1ad-d76a32929707?p=web.offer.detail.carrousel.fullscreen,,5.0,10.0
17,2012 Sentra Nissan,1000.0,Samuel,40.0,0,19.71,https://static.hyrecar.com/https://s3.amazonaws.com/hyreprod/cars/02b2e419-4c30-4735-a0b2-ac7ab9b39c2a?p=web.offer.detail.carrousel.fullscreen,"** Rideshare and Delivery
Save reliable car that’s great for door dash drivers… drives smoothly and is great on gas.",5.0,10.0
18,2012 Focus Ford,1000.0,Johnny,35.0,5,19.11,https://static.hyrecar.com/https://s3.amazonaws.com/hyreprod/cars/26c23e83-920a-4876-9b2a-cf3eedcccab5?p=web.offer.detail.carrousel.fullscreen,"HID Upgraded Lights 
Brand New Tires 
Brand New Brake 
Brand New Suspension 
Brand New Battery 
Dash Camera Front + Back 

38 MPG Highway 
28 MPG City ",2.0,
19,2009 PRIUS Toyota,350.0,RENT IT NOW,40.0,1,19.71,https://static.hyrecar.com/https://s3.amazonaws.com/hyreprod/cars/100b26fb-bfc8-4891-9868-c14300b74422?p=web.offer.detail.carrousel.fullscreen,,1.0,3.0
20,2012 Camry Toyota,1000.0,,45.0,2,20.31,https://static.hyrecar.com/https://s3.amazonaws.com/hyreprod/cars/2d64a3f0-5c07-4f3c-b4d3-69b483f9c3a2?p=web.offer.detail.carrousel.fullscreen,"We have a Fleet of cars. We do maintenance regularly. This car is clean, reliable and ready to driver for Uber / Lyft. Hybrid car good on gas. Need to agree with terms for use of our car and $25 Deposit for Tolls. We may pick you up from Cumberland / Rosemont Blueline Station or nearby Metra Station (Mon-Fri between 9 to 5 pm).",,
21,2011 CR-V Honda,1000.0,braulio,49.0,3,20.79,https://static.hyrecar.com/https://s3.amazonaws.com/hyreprod/cars/4ecf0bf2-c4a1-4b46-9e9b-3bbc5ee38ea5?p=web.offer.detail.carrousel.fullscreen,"Nice looking car, very roomy for delivering, 
Gas saver vehicle, tinted windows for better privacy ",5.0,10.0
22,2014 PRIUS Toyota,1000.0,Michael,45.0,4,20.31,https://static.hyrecar.com/https://s3.amazonaws.com/hyreprod/cars/3f5a6eb5-91ee-404e-8aeb-fe574600bde4?p=web.offer.detail.carrousel.fullscreen,"Uber and Lyft ready ! 
Great price for long term rentals 


2014 Toyota Prius in excellent condition. Hybrid engine getting excellent fuel economy (50+ mpg), perfect for maximizing rideshare profits. Bluetooth connectivity. Spacious cabin. Tinted windows. ",5.0,10.0
23,2009 Malibu Chevrolet,300.0,,43.0,1,20.07,https://static.hyrecar.com/https://s3.amazonaws.com/hyreprod/cars/6f8eadea-3dff-41fd-83d4-835cd3c4d444?p=web.offer.detail.carrousel.fullscreen,"This is a great reliable family car. It has air conditioner, radio, Bluetooth speaker, heat, and automatic windows. It’s a great gas saver. You can fit four passengers in the back seat comfortably with great truck space. ",3.0,5.0
24,2022 Spark Chevrolet,1000.0,Ruby crown,54.0,0,21.39,https://static.hyrecar.com/https://s3.amazonaws.com/hyreprod/cars/76ebcafc-6534-4ee9-a366-a29a95e65f7d?p=web.offer.detail.carrousel.fullscreen,Back Bumper missing deliveries only* to be new chevy spark that make sense all the way around the board.Delivery Only,5.0,10.0
25,2011 Jetta Volkswagen,500.0,SCALENE AUTO GROUP,38.0,0,19.47,https://static.hyrecar.com/https://s3.amazonaws.com/hyreprod/cars/7f216934-1c90-4fb5-abb2-37ac2681ed9a?p=web.offer.detail.carrousel.fullscreen,,,
26,2018 Corolla Toyota,1000.0,,41.0,3,19.83,https://static.hyrecar.com/https://s3.amazonaws.com/hyreprod/cars/4980cc64-c10e-42b1-b009-281dad33e6c6?p=web.offer.detail.carrousel.fullscreen,"Office Hours: Mon-Sat 9am-6pm. Ride-share and Delivery ,MPG: Up to 30 city / 40 highway. Don't worry about taking time out of your rental period and cleaning the car before returning it. We have an onsite carwash that will clean it inside/out for $40",10.0,10.0
27,2017 Malibu Chevrolet,1000.0,Auto Select,48.0,5,20.67,https://d1faaofv0bplxp.cloudfront.net/car_placeholder_image.svg,Office Hours: Mon-Sat 9am-6pm. Ride-share and Delivery. 24/7 Roadside Assistance. Don't worry about taking time out of your rental period and cleaning the car before returning it. We have an onsite carwash that will clean it inside/out for $40,5.0,10.0
28,2011 Jetta Volkswagen,1000.0,,39.0,2,19.59,https://static.hyrecar.com/https://s3.amazonaws.com/hyreprod/cars/bf312fd7-1d6b-42ca-bef5-ef20e37cbbb9?p=web.offer.detail.carrousel.fullscreen,Super clean 2011 vw Jetta up to date whit maintenance unlimited miles ready to make money Very decent looking car to impress your customers For more info call or text 708-543-8781 Rideshare and Delivery,,
29,2023 Rogue Nissan,250.0,Ashley,70.0,0,23.31,https://static.hyrecar.com/https://s3.amazonaws.com/hyreprod/cars/ea3b268d-d05d-4b63-9a07-0b015111bc8e?p=web.offer.detail.carrousel.fullscreen,"** DELIVERY ONLY
No animals 
No smoking 
Brand new car",,
30,2023 Sonata Hyundai,300.0,Eligiboor,75.0,2,23.91,https://d1faaofv0bplxp.cloudfront.net/car_placeholder_image.svg,"Before booking please message me yo make sure the car is available as I do rent this car on other platforms it would be best if you can message me with the days you want to rent in advance so I can set those days for the car to be available.     Welcome to the 2023 Hyundai Sonata Hybrid Blue Edition, available for your next adventure on Turo! As your host, I take pride in providing a top-tier experience for all my guests. Here are a few guidelines to ensure an exceptional rental experience:  Rules for Guests: 1. Please treat the Sonata Hybrid Blue Edition with care and respect, as you would your own vehicle. 2. No smoking or vaping is permitted in the car. 3. Pets are not allowed in the vehicle, unless prior arrangements have been made. 4. Please return the car in the same clean condition in which it was received. A cleaning fee may apply if the car is returned excessively dirty.  As an outstanding host, I am committed to providing you with a seamless and enjoyable rental experience. You can expect: 1. Clear and timely communication regarding the rental process and any questions you may have. 2. A well-maintained and clean vehicle ready for your use. 3. Flexibility to accommodate your needs whenever possible. 4. A hassle-free pickup and drop-off process.  I look forward to hosting you and ensuring that your journey with the 2023 Hyundai Sonata Hybrid Blue Edition exceeds your expectations. Feel free to reach out with any inquiries or special requests",5.0,10.0
31,2023 Rogue Nissan,250.0,Ashley,80.0,2,24.51,https://static.hyrecar.com/https://s3.amazonaws.com/hyreprod/cars/847fdb52-e5d8-491c-ada2-c21fe64f336f?p=web.offer.detail.carrousel.fullscreen,"** Delivery Only
No animals
No smoking ",,
32,2009 PRIUS Toyota,300.0,RENT AND,40.0,1,19.71,https://static.hyrecar.com/https://s3.amazonaws.com/hyreprod/cars/6d3660d9-7aa9-4f88-b34e-2b4a51cf98a0?p=web.offer.detail.carrousel.fullscreen,rideshare/delivery,,
33,2013 Jetta Volkswagen,550.0,CHRIS AUTO,40.0,0,19.71,https://static.hyrecar.com/https://s3.amazonaws.com/hyreprod/cars/e0532a52-09c9-4d10-9098-8b4087fa1b1b?p=web.offer.detail.carrousel.fullscreen,"** Rideshare and Delivery
Ready for rideshare or delivery ",,
34,2013 Escape Ford,1000.0,COME-N-,55.0,0,21.51,https://static.hyrecar.com/https://s3.amazonaws.com/hyreprod/cars/4d67f7a6-0140-480f-b9fe-6ef5c8df4327?p=web.offer.detail.carrousel.fullscreen,"**Delivery Only**
Here at COME-N-GO LLC. we have the best cars. Our cars are reliable and highly maintained.",5.0,10.0
35,2018 Civic Honda,1000.0,,47.0,0,20.55,https://static.hyrecar.com/https://s3.amazonaws.com/hyreprod/cars/100382bb-6a14-45ee-ab01-184fb8dba0d9?p=web.offer.detail.carrousel.fullscreen,Open 9AM to 6PM Monday to Saturday. Location 6N509 Virginia rd Roselle IL,5.0,10.0
36,2014 Corolla Toyota,1000.0,Auto Select,43.0,1,20.07,https://d1faaofv0bplxp.cloudfront.net/car_placeholder_image.svg,Office Hours: Mon-Sat 9am-6pm. Ride-share and Delivery. 24/7 Roadside assistance included,5.0,10.0
37,2011 Jetta Volkswagen,1000.0,SKYLINE,45.0,0,20.31,https://static.hyrecar.com/https://s3.amazonaws.com/hyreprod/cars/4d554712-2aac-44d1-a5c9-94a12165168f?p=web.offer.detail.carrousel.fullscreen,,,5.0
38,2013 Encore Buick,550.0,Andrian,47.0,1,20.55,https://static.hyrecar.com/https://s3.amazonaws.com/hyreprod/cars/86bf9649-cdc7-484f-ac1e-0246091cd60f?p=web.offer.detail.carrousel.fullscreen,"*** Delivery Only ***

Super comfortable, economic ride with Buck Encore. 
Runs great with low mileage. Easy to operate with plenty of fantastic features. (heated seats, bluetooth, sun roof)

*** Delivery Only ***",5.0,10.0
39,2021 Jetta Volkswagen,1000.0,James,67.0,0,22.95,https://static.hyrecar.com/https://s3.amazonaws.com/hyreprod/cars/ac69cf84-e4e6-4c01-914f-e320287c1700?p=web.offer.detail.carrousel.fullscreen,,5.0,10.0
40,2017 Forte Kia,1000.0,Marisol,46.0,0,20.43,https://static.hyrecar.com/https://s3.amazonaws.com/hyreprod/cars/48dcda01-80ce-4750-83e6-ad8165f979ce?p=web.offer.detail.carrousel.fullscreen,"*** Delivery Only ***

Well taking care of. With tinted windows. Very nice ride. Sunroof. 

*** Delivery Only ***",5.0,10.0
41,,,,,,,,,,
42,2012 Camry Toyota,1000.0,Peace,47.0,1,20.55,https://static.hyrecar.com/https://s3.amazonaws.com/hyreprod/cars/74438eaf-e4f2-49f0-8d22-8284f7835b80?p=web.offer.detail.carrousel.fullscreen,"** Rideshare and Delivery
Check Out this Beautiful and reliable 
Toyota Camry, 4-cylinder engine 4 door , Front wheel drive 

Features:
Touch screen Bluetooth , Traction Control , Cruise control , Fog lights , air conditioning, Heat, power seats , Window tint ",5.0,10.0
43,2017 Malibu Chevrolet,1000.0,Auto Select,50.0,2,20.91,https://static.hyrecar.com/https://s3.amazonaws.com/hyreprod/cars/2919bd87-56d9-4407-951b-e5f1ae8a9836?p=web.offer.detail.carrousel.fullscreen,Open 9AM to 6PM Monday to Saturday for pick ups. Free roadside assistance within 100miles radius from Chicago. Our address- 6N509 Virginia rd Roselle IL,5.0,10.0
44,2016 Camry Toyota,300.0,Edward,40.0,1,19.71,https://static.hyrecar.com/https://s3.amazonaws.com/hyreprod/cars/b42b9fe4-20be-4dfb-9c90-3ddaa5a29eb7?p=web.offer.detail.carrousel.fullscreen,"If you're looking for a car with great gas mileage and huge amounts of space, end your search now! This Camry comes with 25-35 mpg and more space than you need GREAT for rideshare or delivery! Come pick it up before its gone.",5.0,10.0
45,2022 Pacifica Chrysler,350.0,Shahrukh,90.0,0,25.71,https://static.hyrecar.com/https://s3.amazonaws.com/hyreprod/cars/c0f6de07-93db-475f-b78f-63caa735ed07?p=web.offer.detail.carrousel.fullscreen,"** Rideshare and Delivery
2022 Chrysler Pacifica Plug-In Hybrid - Grey
Experience luxury, efficiency, and versatility with the 2022 Chrysler Pacifica Plug-In Hybrid. This sleek grey minivan combines the efficiency of an electric vehicle with the convenience of a gasoline engine, making it perfect for family trips, weekend getaways, or business travel.

Key Features:
Model Year: 2022
Car Type: Plug-In Hybrid
Color: Grey
Seating Capacity: 7
Doors: 4
License Plate: EJ80048
EV Range: Ideal for eco-friendly short trips.
Rear Entertainment Package: Watch movies and shows.
Why You'll Love It:
Eco-Friendly: Drive on electric power for short trips and switch to gasoline for longer distances.
Spacious Interior: Seats seven with ample cargo space, perfect for families and groups.
Modern Technology: Includes the latest tech, with an optional rear entertainment package. Onboard WiFi is available for an additional fee.
Comfort: Plush seating and a quiet ride ensure a pleasurable journey.
Cost Savings: Hybrid and electric capabilities help save money on fuel.
Book now and enjoy the ultimate combination of efficiency, luxury, and practicality with the 2022 Chrysler Pacifica Plug-In Hybrid!",5.0,10.0
46,2013 Jetta Volkswagen,1000.0,Charlys auto,40.0,0,19.71,https://static.hyrecar.com/https://s3.amazonaws.com/hyreprod/cars/ae3ce9f4-39b8-4b5c-bcde-2f05fced1c75?p=web.offer.detail.carrousel.fullscreen,Super clean 2014 vw Jetta up to date whit maintenance unlimited miles ready to make money Very decent looking car to impress your customers For more info call or text 708-543-8781** Rideshare and Delivery,,
47,,,,,,,,,,
48,2015 Patriot Jeep,250.0,DENNIS,45.0,1,,https://static.hyrecar.com/https://s3.amazonaws.com/hyreprod/cars/71b688cf-4f92-4656-979b-98e17f1f6e2a?p=web.offer.detail.carrousel.fullscreen,"Pickup time: before 8 a.m. or from 6 p.m. to 11:30 Mon-Sat. Patriot : Up to 23 city / 30 highwayFuel tank capacity: 13.5 to 13.6 gaOverall NHTSA safety rating: 4 stars,  sanitized between rentals.Note: This car has been used for rent for more than two years now, and it has some minor dents and scratches that I hope you will not mind.",,
49,2013 RDX Acura,1000.0,Balaji,49.0,0,20.79,https://static.hyrecar.com/https://s3.amazonaws.com/hyreprod/cars/ae974a18-7d05-4747-869d-8ce4862b12fd?p=web.offer.detail.carrousel.fullscreen,"*** Delivery Only ***

The car is in excellent condition for a 2013 model. Drives great!!. Has 23 mpg which is very good for a suv like this. The pickup and drive is enjoyable and far less strain.

*** Delivery Only ***
",5.0,10.0
50,2016 Focus Ford,1000.0,,35.0,0,19.11,https://static.hyrecar.com/https://s3.amazonaws.com/hyreprod/cars/462cbf1a-6d6f-4857-8382-e54fe37aa8d2?p=web.offer.detail.carrousel.fullscreen,,5.0,5.0
51,2012 Jetta Volkswagen,1000.0,,39.0,1,19.59,https://static.hyrecar.com/https://s3.amazonaws.com/hyreprod/cars/edbb478e-f6e1-4b60-b2dd-93a8d32aab4d?p=web.offer.detail.carrousel.fullscreen,Super clean 2012 VW Jetta up to date whit maintenance unlimited miles ready to make money very decent looking car to impress your customers for info call or text 630 754 9372 ,,
52,2015 Accord Honda,250.0,Olayinka,60.0,0,22.11,https://static.hyrecar.com/https://s3.amazonaws.com/hyreprod/cars/e64bde72-8ffe-43e1-b16a-abd93d45f910?p=web.offer.detail.carrousel.fullscreen,"The 2015 Honda Accord Sport is substantial performance, outstanding fuel economy, precise handling, an accommodating cabin, and an enviable overall reputation. The 2015 Accord is a good car, It's relatively athletic by class standards, and it earns good gas mileage estimates.                 

The Accord has an upscale interior and provides a fair amount of room for passengers and their cargo. This Honda also has some nice features, though the available dual-screen infotainment system can be frustrating at times.

Pros:
Quick acceleration
Fuel-efficient base engine
Roomy, inviting interior
",,
53,2015 Camry Toyota,350.0,WILSON,58.0,1,21.87,https://static.hyrecar.com/https://s3.amazonaws.com/hyreprod/cars/e37020c8-14fd-4021-8e44-46bdf36de092?p=web.offer.detail.carrousel.fullscreen,"** Rideshare and Delivery
2015 Toyota Camry drives like new good fuel efficiency features includes but not limited to: Bluetooth, back up camera, 4 Cyl 2.5 liter. ABS, AM/FM STEREO, AIR CONDITIONING, ALARM, AUTOMATIC 6 SPD, MP3, CRUISE CONTROL, POWER SEAT, POWER STEERING AND LOT MORE FEATURES
I CAN BE REACHED (8AM TO 9PM   MONDAY TO   SATURDAY) PLEASE NOTE NO SMOKING INSIDE OUR CARS. THANK YOU.....",5.0,10.0
54,2017 Corolla Toyota,1000.0,Mauve Operations,60.0,1,22.11,https://static.hyrecar.com/https://s3.amazonaws.com/hyreprod/cars/ac1d8399-bbf5-4ebe-bffa-bba50c05183b?p=web.offer.detail.carrousel.fullscreen,"RideShare and Delivery. Smooth to drive, less on gas and easy to maintain ",5.0,10.0
55,2010 Yukon XL Gmc,550.0,Roderick,100.0,0,26.91,https://static.hyrecar.com/https://s3.amazonaws.com/hyreprod/cars/7a67ef1f-b985-4e31-b185-c3700247457b?p=web.offer.detail.carrousel.fullscreen,"*** Delivery Only ***

2010 GMC YUKON XL. BIG MONEY MAKER ESPECIALLY AT AIRPORTS ‼️ All maintenance is updated, and rides like a true champion. I just drove to Houston,TX and back with zero issues very dependable. 4 wheel drive, heated seats front and rear, A/C, sunroof, and high beam LED lights interior and exterior. Very comfortable, my Uber rating is 4.95 and riders really appreciate the extra space which results in TIPS‼️????

*** Delivery Only ***",10.0,20.0
56,2023 Forte Kia,600.0,Bryan,76.0,0,24.03,https://static.hyrecar.com/https://s3.amazonaws.com/hyreprod/cars/067bf4c7-2b68-419f-8d6f-d9a7944d6fe3?p=web.offer.detail.carrousel.fullscreen,"**delivery only**

I would describe the Kia Forte as a stylish and sleek sportscar that is perfect for any driver who wants to turn heads on the road. With its sporty design and powerful engine, the Forte is a fun car to drive that is sure to impress.

One of the key advantages of the Forte is its versatility. Whether you're driving in the city or the suburbs, the Forte is perfectly suited to both environments. In the city, the Forte's compact size and agile handling make it easy to maneuver through traffic and park in tight spaces. On the open road, the Forte's powerful engine and responsive handling make it a pleasure to drive.

Another great feature of the Forte is its advanced technology. With features like Apple CarPlay, Android Auto, and a touchscreen infotainment system, the Forte is packed with the latest tech to keep you connected and entertained on the road.

Overall, the Kia Forte is a cool sportscar that any driver would love to rent. With its style, performance, and technology combination, the Forte is the perfect choice for anyone who wants to make a statement on the road.",5.0,10.0
57,2018 Optima Kia,550.0,Andrew,50.0,0,20.91,https://static.hyrecar.com/https://s3.amazonaws.com/hyreprod/cars/f6c3b94e-ee12-4010-8c4b-b0bb92b44fe8?p=web.offer.detail.carrousel.fullscreen,"** Rideshare and Delivery
White Kia Optima 2018
Black interior, Apple car play, gets terrific gas mileage up to 40 miles per gallon if driven ideally. Reliable and low miles.
Easy pick up",5.0,10.0
58,2020 Tucson Hyundai,1000.0,,78.0,0,24.27,https://static.hyrecar.com/https://s3.amazonaws.com/hyreprod/cars/396f04c1-5526-4168-8ab7-fc519fd044ec?p=web.offer.detail.carrousel.fullscreen,"This is a newly purchased vehicle kept in great condition suitable for travel, ride share, and all local essential needs.",3.0,1.0
59,2009 Fit Honda,250.0,Mohamed,54.0,0,21.39,https://static.hyrecar.com/https://s3.amazonaws.com/hyreprod/cars/540bcc98-6f0d-4723-b77d-19f4ad8fb22f?p=web.offer.detail.carrousel.fullscreen,"Convenient and reliable Honda Fit in the heart of downtown. Car is well maintained and in perfect working condition. 
Great visibility, easy to drive and park in the city with its compact size. 
Super spacious interior with easy loading and unloading from rear hatchback design. 
Great for Uber, Lyft,Grubhub and other delivery services. Car is a gas saver!!",5.0,12.0
60,2015 Altima Nissan,250.0,WILSON,53.0,0,21.27,https://static.hyrecar.com/https://s3.amazonaws.com/hyreprod/cars/0d0ed2dc-5808-4667-9da5-cf5f139119b6?p=web.offer.detail.carrousel.fullscreen,"** Rideshare and Delivery
Clean Nissan Altima S  ready for you. Back up camera, 6 cylinder engine,Easy fill Tire Alert Standard, Pandora integration, 270 Horsepower, 22/32 City/ Highway MPG , four way adjustable front seat, FM/AM, Bluetooth compatible and Lot more……..",5.0,10.0
61,2014 Sentra Nissan,500.0,Gogo,58.0,0,21.87,https://static.hyrecar.com/https://s3.amazonaws.com/hyreprod/cars/133d884f-42ab-4e40-bebd-4052348fdcc3?p=web.offer.detail.carrousel.fullscreen,"Pick Up / Drop off Monday - Friday 9am -6pm Saturday 9am - 2pm 
Earn to Own Available...... Ask us for more details
*All Drivers Will Need To Cover All Tolls and Tickets 
Every 7 days of rental Free Full Service Car Wash 
Perfect for Uber and Lyft 
Gas Milage: 30 city / 40 highway  ",5.0,10.0
62,2015 Fusion Ford,500.0,,55.0,1,21.51,https://static.hyrecar.com/https://s3.amazonaws.com/hyreprod/cars/208cbc55-31b3-4df6-8694-e89e274f1041?p=web.offer.detail.carrousel.fullscreen,Smooth ride! Very clean. Fuel efficient. Uber ready.,5.0,10.0
63,2017 Grand Caravan Dodge,300.0,Rental,52.0,0,21.15,https://static.hyrecar.com/https://s3.amazonaws.com/hyreprod/cars/7c695630-c3f8-428c-8748-ee8c70003bdb?p=web.offer.detail.carrousel.fullscreen,**delivery**,,10.0
64,2022 Jetta Volkswagen,700.0,Madison,68.0,0,,https://static.hyrecar.com/https://s3.amazonaws.com/hyreprod/cars/df255de0-82c8-4434-8762-ee24da809056?p=web.offer.detail.carrousel.fullscreen,"** Rideshare and Delivery
Book and enjoy this cool blue VW jetta. Trust me the ride is just as smooth as the look! Comfortably seats 5 passengers   designed to provide ample legroom.

This sedan is equipped with features such as backup camera, Android Auto, Apple CarPlay, hands-free blue tooth, and USB input capabilities.",,
65,2017 Accent Hyundai,500.0,Mario,43.0,5,20.07,https://static.hyrecar.com/https://s3.amazonaws.com/hyreprod/cars/ad05d9bb-3495-4509-9681-936815a9707b?p=web.offer.detail.carrousel.fullscreen,"- Uber/ Greenlight approved - Come enjoy this fuel-economy car! Clean on the inside and out!   - Economy Car: Great on gas - at 29 mpg city and 39 mpg highway - 34 mpg average  - Touch Screen, Bluetooth, wireless and wired Apple Car Play & Android Auto, Reverse Backup Camera. All the tech features you need!  - Space and storage! Don't waste money on a big gas guzzler just to have luggage space. This 4-door hatchback has more than enough space for your bags.   - Drives pretty smooth for an economy car  I-Pass/ EZ-Pass Toll Transponder #: 01514811264",,5.0
66,2017 RDX Acura,250.0,Kevin,100.0,0,26.91,https://static.hyrecar.com/https://s3.amazonaws.com/hyreprod/cars/70709e6c-20d1-4095-9cdd-c55c46a46a69?p=web.offer.detail.carrousel.fullscreen,"**  Rideshare & deliveryGreat for maneuvering around Chicago, large interior but still easy to navigate and park. All Wheel (Four Wheel) drive for the winters or slick roads. Has Bluetooth and comes with an Aux Cord for easy music connection. Backup camera for easy street parking. WeatherTech Floor Mats. Seats fold down for additional room (great for moving). Conveniently located in the heart of Chicago available for long road trips out of town for short trips around the city. INCLUDES-Heated Seats-Bluetooth-AUX-Back Up Camera -Four Wheel Drive-Sun RoofGREAT CAR TO DRIVE- Spacious interior for 5 Adults plus room for Luggage. No smoking, please clean after yourself and refuel prior to returning car to pick up location. ",10.0,15.0
67,2020 Corolla Toyota,1000.0,Terrance,65.0,5,22.71,https://static.hyrecar.com/https://s3.amazonaws.com/hyreprod/cars/4042c1de-08c3-4c22-9c9f-fd0c10fdbb0a?p=web.offer.detail.carrousel.fullscreen,"✨Fuel Efficient 2020 Toyota Corolla LE✨

A Well-Kept, Dependable & Spacious sedan. Seats up to 5.
Enjoy a comfortable and safe ride wether it’s a short or long commute. Great cargo space. Equipped with Apple Car Play or Android screen to connect your smartphone, to enjoy your best music playlist with easy access to your navigation system. 


✅ Super easy to drive and cruise
✅ 8"" Touch Screen
✅ HandsFree Bluetooth
✅ Integrated Backup Camera
✅ Toyota Safety Sense 2.0: Pre-Collision Sys
✅ Fuel efficient 31 mpg city/ 40 mpg highway
✅ I-Pass Included
✅ Apple Car Play
✅ Android + iPhone Chargers included
✅ Rubber floor mats (Even in trunk)
✅ Car Seat covers



⚠️????NO SMOKING OR VAPING ALLOWED!????⚠️
       ‼️There is a $250 Smoke removal fee‼️is a $250 Smoke removal fee‼️",5.0,10.0
68,2011 Sonata Hyundai,500.0,PullUp,65.0,1,22.71,https://static.hyrecar.com/https://s3.amazonaws.com/hyreprod/cars/4ccfba3c-dff0-43d6-9ee7-cc47696aba80?p=web.offer.detail.carrousel.fullscreen,Push to start Hyundai Sonata in great condition and always kept clean!,5.0,10.0
69,2016 Impala Chevrolet,1000.0,Lauren,50.0,9,,https://static.hyrecar.com/https://s3.amazonaws.com/hyreprod/cars/dec9b0ae-bd61-4857-b331-0a996a345a1d?p=web.offer.detail.carrousel.fullscreen,Car is available for ride share if you need document ask me or Hyrecar they have one on file. Great A/c and reliable vehicle ,,
70,2015 Altima Nissan,250.0,WILSON,52.0,0,21.15,https://static.hyrecar.com/https://s3.amazonaws.com/hyreprod/cars/a2bf3c4a-2cfa-4532-af02-0ef93c94042b?p=web.offer.detail.carrousel.fullscreen,"** Rideshare and Delivery
Clean 2015 Nissan Altima, sun roof, back up camera,CD player, FM/AM, very efficient in fuel, 4way passenger seat, power windows,Tilt/telescoping steering wheel with touch controls, Nissan Connect Bluetooth , hand free connectivity, Bluetooth streaming audio and lot more ",5.0,10.0
71,2016 CX-5 Mazda,650.0,TACARSHARES,63.0,1,22.47,https://d1faaofv0bplxp.cloudfront.net/car_placeholder_image.svg,"** DELIVERY ONLY
If you want a Clean and sporty look this is the car. Nice sound system, classic interior, and comfortable. 

Book now
✅

No smoking",5.0,1.0
72,2009 Altima Nissan,1000.0,Louis,44.0,5,20.19,https://static.hyrecar.com/https://s3.amazonaws.com/hyreprod/cars/ef03d99a-0485-4890-b2ab-58fb5a76fba1?p=web.offer.detail.carrousel.fullscreen,"** Rideshare and Delivery
Well Maintained
New tires 
Regular Oil changes
",5.0,10.0
73,2013 Camry Toyota,250.0,Olayinka,60.0,5,22.11,https://static.hyrecar.com/https://s3.amazonaws.com/hyreprod/cars/60286af7-f487-47a7-98fe-9293a5640ced?p=web.offer.detail.carrousel.fullscreen,"The 2013 Toyota Camry is a Strong and fuel-efficient engine: with a comfortable and spacious backseat and better-than-average outward visibility. The 2013 Toyota Camry is a midsize sedan that is Incredibly dependable with a cozy cabin to make the Camry an easy car to recommend to shoppers. The 2013 Toyota Camry has a battery of standard safety features, including antilock brakes, stability control, front- and rear-seat side airbags, side curtain airbags, and knee airbags for both driver and passenger. A blind-spot monitoring system with rear cross-traffic alert is also available.",,2.0
74,2013 Civic Honda,250.0,Olayinka,60.0,2,22.11,https://static.hyrecar.com/https://s3.amazonaws.com/hyreprod/cars/11be85e6-4abb-4b38-b2d6-81c7924b5a5b?p=web.offer.detail.carrousel.fullscreen,"
The 2013 Honda Civic has a nice interior and a higher reliability rating than many rivals. It's also fun to drive, with unruffled handling and peppy engine performance. With so many positive traits, it's no wonder the 2013 Civic ranks among the best compact cars rankings. The 2013 Honda Civic is a fun car to drive. Refined suspension tuning, improved electric-assist power steering, and additional torque give it a sharp attitude in and out of corners. All controls are well-placed, and the keypads and menu buttons on the steering wheel are intuitive enough for anyone who's spent time with a smartphone.ProsGood fuel economyFantastic and Driver friendly sound systemWide variety of powertrainsComfortable to drive and rideSpacious interiorExcellent crash test scores

",,
75,2015 Altima Nissan,300.0,Gerardo,45.0,0,20.31,https://static.hyrecar.com/https://s3.amazonaws.com/hyreprod/cars/fe78172c-9756-482e-a2a8-589acd8e1c6d?p=web.offer.detail.carrousel.fullscreen,"comes with  Clean inside and out, 4 cylinders, key remote, power driver's seat, plenty of room, phone charger and mount, Bluetooth and Aux, power windows, it will be washed and ready to go with a full tan of gas.",8.0,20.0
76,2015 TLX Acura,1000.0,Auto Select,50.0,3,20.91,https://d1faaofv0bplxp.cloudfront.net/car_placeholder_image.svg,Office Hours: Mon-Sat 9am-6pm. Ride-share and Delivery. 24/7 Roadside assistance included,5.0,10.0
77,2017 Malibu Chevrolet,550.0,TACARSHARES,60.0,0,22.11,https://d1faaofv0bplxp.cloudfront.net/car_placeholder_image.svg,"If you want a Clean and sporty look this is the car. Nice sound system, classic interior, and comfortable. 

Book now
✅

No smoking!


Keep Car Clean as you picked up",,10.0
78,2022 Ioniq Hyundai,250.0,Karen,68.0,0,23.07,https://static.hyrecar.com/https://s3.amazonaws.com/hyreprod/cars/6ca0b6ac-8681-4df9-b5c7-98cbcdc3b0f6?p=web.offer.detail.carrousel.fullscreen,***Hybrid car capable of getting 60 miles per gallon***,1.0,3.0
79,2016 Transit Ford,500.0,Aurelio,150.0,0,32.91,https://static.hyrecar.com/https://s3.amazonaws.com/hyreprod/cars/1e683dbd-34fe-48ed-83ac-ede3023b5228?p=web.offer.detail.carrousel.fullscreen,"Black - 14 passenger + driver van. High 6 foot interior ceiling. Leather seats & vinyl flooring for easy cleaning. Large rear storage area for your gear. New upgraded sound system. Dark tinted privacy glass and sun protection. This vehicle is currently being used in a limousine environment,  so it is always kept clean and maintained. Easy to drive.",5.0,10.0
80,2013 PRIUS Toyota,500.0,Alexander,50.0,0,20.91,https://static.hyrecar.com/https://s3.amazonaws.com/hyreprod/cars/ef83dd38-c049-45e9-9474-61510f041b81?p=web.offer.detail.carrousel.fullscreen,,5.0,10.0
81,2011 Corolla Toyota,1000.0,Sam,65.0,0,22.71,https://d1faaofv0bplxp.cloudfront.net/car_placeholder_image.svg,Toyota Corolla - Very good handling and saves on gas!,5.0,15.0
82,2011 Prius Toyota,1000.0,Arsalan,45.0,0,20.31,https://static.hyrecar.com/https://s3.amazonaws.com/hyreprod/cars/d093321f-0e95-44d7-a8a1-3d37077b8b82?p=web.offer.detail.carrousel.fullscreen,Runs great very smooth maintained by Toyota,5.0,10.0
83,2023 Trailblazer Chevrolet,250.0,Anthony,125.0,0,29.91,https://static.hyrecar.com/https://s3.amazonaws.com/hyreprod/cars/0de4326e-3be5-4848-91b4-5808ef0cb6a9?p=web.offer.detail.carrousel.fullscreen,"**Delivery only**

Looking for a newer (2021, 2022, 2023), clean car to rent for a cheap price?  Like to do business with a professional?  Need to talk to someone directly when you have a question? Rent from us!!!  

We are located 8 minutes from O'Hare airport.  Feel free to pick your rental up at our office our we offer shuttle bus pick up and drop off as well as in person pick up and drop off for the fee of a Taxi or Ryde Share. Inbox or call us for any questions.",,
84,2009 Versa Nissan,1000.0,Louis,44.0,3,20.19,https://static.hyrecar.com/https://s3.amazonaws.com/hyreprod/cars/98083cf2-8f0d-4f38-8d77-427c63f1b14c?p=web.offer.detail.carrousel.fullscreen,"** Rideshare and Delivery
Clean reliable well maintained so you can tackle your daily task.",5.0,10.0
85,2019 Sentra Nissan,500.0,Bre'Shey,70.0,0,23.31,https://static.hyrecar.com/https://s3.amazonaws.com/hyreprod/cars/8ec2f064-284f-4c57-abc4-d7114a186b69?p=web.offer.detail.carrousel.fullscreen,"One of the best sedans for a comfortable ride especially for your everyday living: Morning commutes to and from work, running quick errands in the area, grocery shopping, more.

In-demand features: automatic transmission, Bluetooth audio, Apple/Android car play, keyless entry and ignition, back up camera, 15 cubic feet trunk space, and fuel efficiency (29 MPG City, 39 MPG Highway).

*Cleaning policy: After every customer, the car is taken to a car wash for a thorough cleaning with greater times spent on most touched areas: door handles and window/lock mechanisms, seat belts, rear view mirror, sun visors, arm rest, gear shift, driver and radio dashboards, and most importantly the steering wheel. 

Cruise in one of the most well-rounded sedans and book your reservation right now! delivery only",3.0,5.0
86,2020 Corolla Toyota,1000.0,,70.0,1,23.31,https://static.hyrecar.com/https://s3.amazonaws.com/hyreprod/cars/1b2d0ad3-f1a2-4b41-ae81-57bfec092fa6?p=web.offer.detail.carrousel.fullscreen,"g
G


GAS Saver",,
87,2012 Corolla Toyota,1000.0,,50.0,0,20.91,https://static.hyrecar.com/https://s3.amazonaws.com/hyreprod/cars/bc6cab1b-5e27-44a5-8cc5-fd8fc3388a99?p=web.offer.detail.carrousel.fullscreen,"Great economy car. Extremely clean, safe and reliable, low mileage, and great on gas! 
No smoking or pets, please.	",,5.0
88,2005 E-350 Ford,300.0,Ahmed,100.0,0,26.91,https://static.hyrecar.com/https://s3.amazonaws.com/hyreprod/cars/45b558e2-01c8-4432-a735-ef57c75579d9?p=web.offer.detail.carrousel.fullscreen,,34.0,37.0
89,2020 Promaster 1500 Ram,300.0,Darren,110.0,1,28.11,https://d1faaofv0bplxp.cloudfront.net/car_placeholder_image.svg,"*** DELIVERY ONLY ***

Great for hauling items straight from Home Depot or a work site. It has all the necessary strapping and hauling materials free of charge. 

*** DELIVERY ONLY ***",5.0,5.0
90,2013 Terrain Gmc,1000.0,Tabitha,75.0,0,,https://static.hyrecar.com/https://s3.amazonaws.com/hyreprod/cars/a9e72e71-fa7e-4c24-af3a-ef167834f8d5?p=web.offer.detail.carrousel.fullscreen,,,
91,2011 Jetta Volkswagen,500.0,,65.0,0,22.71,https://static.hyrecar.com/https://s3.amazonaws.com/hyreprod/cars/d3b46946-4b27-4a81-be0c-afa3bf533d07?p=web.offer.detail.carrousel.fullscreen,Hello. This is our Jetta. Her name is COCO The Car. She is not only pretty but clean and very well kept. Feel secure riding with her because she gets her regular maintenance as well as deep cleanings. Please message her human to inquire about booking a trip. Delivery available as well. Thank you,,50.0
92,2012 Cruze Chevrolet,500.0,Tabitha,60.0,0,22.11,https://static.hyrecar.com/https://s3.amazonaws.com/hyreprod/cars/4d0a8ff7-a055-44bf-a068-7c453b2ac4af?p=web.offer.detail.carrousel.fullscreen,PLEASE MESSAGE MY HUMAN TO RENT ME. ,,8.0
93,2016 Cruze Chevrolet,500.0,Tabitha,75.0,0,23.91,https://static.hyrecar.com/https://s3.amazonaws.com/hyreprod/cars/4f1bf5d4-06bd-4952-886d-4615d9d123b2?p=web.offer.detail.carrousel.fullscreen,MESSAGE MY HUMAN TO BOOK ME,,8.0
94,2023 Venue Hyundai,250.0,Sonia,67.0,1,22.95,https://static.hyrecar.com/https://s3.amazonaws.com/hyreprod/cars/54d1e487-1a74-44c3-abc4-8c47a535a2dc?p=web.offer.detail.carrousel.fullscreen,"-------BRAND NEW CAR !!------A compact, sleek sporty two toned crossover that combines luxurious style with exceptional handling and fuel efficiency. This limited edition trim comes with the latest safety and technology features such as Blind spot detection, lane assist, forward collision avoidance, stability control, Apple car play, remote start, Mobile charging pad etc etc - This Venue is equipped with a 121-hp four-cylinder engine, front-wheel drive, and a continuously variable automatic transmission(CVT) giving it excellent fuel economy.- Ipass transponder# 01515306697- No Smoking & No Pets please!- Contact me as soon as you book. Be safe and have fun.Thanks & Regards",1.0,1.0
95,,,,,,,,,,
96,2016 NV Nissan,300.0,Strategy 360,110.0,0,28.11,https://static.hyrecar.com/https://s3.amazonaws.com/hyreprod/cars/482d4b31-c619-42eb-8235-1b8f30b0dfae?p=web.offer.detail.carrousel.fullscreen,"** DELIVERY ONLY **
2016 Nissan NV3500 HD Cargo Van: Your Ultimate Delivery Partner Looking to upgrade your delivery game and boost your business? Our striking red 2016 Nissan NV3500 HD Cargo Van is your answer. Here's why you should consider renting this powerhouse on HyreCar:✅ Spacious and Versatile: With ample cargo space and a high roof, this cargo van can handle everything from large packages to a high volume of smaller items. No more squeezing everything into a compact vehicle.✅ Power and Reliability: The Nissan NV3500 HD means business. With robust performance and a reputation for reliability, you can trust it to keep up with your delivery schedule, day in and day out.✅ Comfortable and Well-Maintained: Your comfort matters. This van is equipped with modern features, including air conditioning, ensuring you stay cool and collected during your deliveries. It's meticulously maintained for your peace of mind.✅ Fuel-Efficient: Don't break the bank on fuel costs. Despite its size, this van is surprisingly fuel-efficient, saving you money as you earn.✅ Driver-Friendly: The Nissan NV3500 HD is designed with drivers in mind. It offers a comfortable cabin and an ergonomic layout, making long delivery shifts a breeze.✅ Eye-Catching Red: Stand out from the crowd with our vibrant red van. Not only will you make a statement, but you'll also be memorable to your clients and recipients.✅ Competitive Rental Rates: We offer affordable rental rates that fit your budget, allowing you to start delivering and earning with confidence.Don't let your current vehicle hold you back. Elevate your delivery business with our 2016 Nissan NV3500 HD Cargo Van. It's not just a vehicle; it's a reliable partner on your journey to success! Book Now: Secure your rental dates and start delivering with this dependable red cargo van. Your next delivery adventure begins right here!",5.0,10.0
97,2015 Promaster City Ram,300.0,Strategy 360,90.0,0,25.71,https://static.hyrecar.com/https://s3.amazonaws.com/hyreprod/cars/a784d54e-6ed6-4a93-a15b-57b2e7911c9c?p=web.offer.detail.carrousel.fullscreen,"2015 Ram ProMaster City Cargo Van for Reliable Deliveries Are you ready to turbocharge your delivery game? Look no further than this versatile 2015 Ram ProMaster City cargo van, available for rent exclusively on HyreCar. Here's why you should consider this vehicle for your next delivery adventure:✅ Spacious and Well-Maintained: Our white Ram ProMaster City is not just your average cargo van. It offers ample cargo space, so you can comfortably transport packages and goods of various sizes without the hassle of a cramped vehicle.✅ Fuel-Efficient: Don't break the bank on fuel costs. This van is fuel-efficient, ensuring you get more mileage out of every tank and maximize your earnings.✅ Reliable Performance: With a reputation for dependability and a track record for getting the job done, this van is ready to handle your daily delivery needs, rain or shine.✅ Easy to Drive: Maneuvering through busy city streets or suburban neighborhoods is a breeze with the Ram ProMaster City. It's compact, responsive, and designed for urban deliveries.✅ Clean and Well-Cared-For: We take pride in maintaining our van in excellent condition, so you can show up for your deliveries with confidence and professionalism.✅ Affordable Rental Rates: We offer competitive rates, making it easy for you to start earning with minimal upfront costs.Don't miss out on the opportunity to supercharge your delivery business. Rent our 2015 Ram ProMaster City cargo van today and experience the difference for yourself. Your success is our priority! Book Now: Secure your rental dates and start making deliveries with this reliable Ram ProMaster City. Your next successful delivery journey begins here!",5.0,10.0
98,2009 Cobalt Chevrolet,350.0,Patrick,30.0,0,18.51,https://d1faaofv0bplxp.cloudfront.net/car_placeholder_image.svg,GAS SAVER! This compact car is ideal for ride share and other gigs as it is fuel efficient and well maintained. ,5.0,10.0
99,2015 Crosstour Honda,450.0,Ralph,55.0,2,21.51,https://static.hyrecar.com/https://s3.amazonaws.com/hyreprod/cars/e797dcf7-c3f9-40d5-ab44-647967102713?p=web.offer.detail.carrousel.fullscreen,"*** Delivery Only ***

Located in the Hyde Park area of Chicago, this car is exceptionally clean and ideal for long-term rentals. Whether you need it for Uber rides or as a personal vehicle, it will ensure you ride in style. Pls no smoking in vehicle.

*** Delivery Only *** 
",,
100,2019 Fusion Ford,250.0,Paul,50.0,0,20.91,https://d1faaofv0bplxp.cloudfront.net/car_placeholder_image.svg,"*** Delivery Only ***

Very nice and clean,,smoke free, gps and Sirius included,

*** Delivery Only ***",5.0,10.0
101,2012 Prius Toyota,1000.0,,40.0,0,19.71,https://d1faaofv0bplxp.cloudfront.net/car_placeholder_image.svg,,,
102,2013 Prius Toyota,1000.0,Prime 312,40.0,1,19.71,https://d1faaofv0bplxp.cloudfront.net/car_placeholder_image.svg,,,
103,2021 Camry Toyota,1000.0,August,60.0,0,22.11,https://static.hyrecar.com/https://s3.amazonaws.com/hyreprod/cars/f15aebeb-2ab3-4017-a5f7-b1f72ecd1bdc?p=web.offer.detail.carrousel.fullscreen,Rideshare and Delivery blind  spot detection lane departure detection backup camera Apple CarPlay ,5.0,10.0
104,2014 Taurus Ford,350.0,,46.0,4,20.43,https://d1faaofv0bplxp.cloudfront.net/car_placeholder_image.svg,** Rideshare and Delivery,3.0,10.0
105,2010 Yaris Toyota,1000.0,Gownark,44.0,0,20.19,https://d1faaofv0bplxp.cloudfront.net/car_placeholder_image.svg,Clean Toyota Yaris! Super dependable and affordable. 29mpg City & 36mpg Hwy! Very good for Uber/Lyft/Grubhub/Doordash,5.0,10.0
106,2017 Navigator L Lincoln,350.0,Ali,135.0,0,31.11,https://static.hyrecar.com/https://s3.amazonaws.com/hyreprod/cars/548b6020-b2eb-46f2-9621-5d225b32a3d9?p=web.offer.detail.carrousel.fullscreen,"** Rideshare and Delivery
The 2017 Lincoln Navigator L Reserve offers luxury and versatility in a full-size SUV package. With its spacious interior, accommodating up to seven passengers, and ample cargo space, it's perfect for both family outings and upscale travel. The Reserve trim features premium materials and amenities, including leather upholstery, heated and ventilated front seats, and a touchscreen infotainment system with navigation. Under the hood, it boasts a powerful 3.5-liter V6 engine, providing ample performance for highway cruising or towing. Overall, the Navigator L Reserve delivers a combination of comfort, style, and capability, making it a standout choice in the luxury SUV segment.",5.0,10.0
107,2010 Mazda6 Mazda,1000.0,Derrick,27.0,0,18.15,https://d1faaofv0bplxp.cloudfront.net/car_placeholder_image.svg,Perfect for Gig work. 4 cylinder good on gas. Very reliable ,5.0,10.0
108,,,,,,,,,,
109,2022 Soul Kia,1000.0,Jerrold,130.0,0,30.51,https://static.hyrecar.com/https://s3.amazonaws.com/hyreprod/cars/075bff43-b554-45a5-aaa3-d006776b85da?p=web.offer.detail.carrousel.fullscreen,"**Delivery only**

Brand new 2022 luxury rental ride in style ",3.0,5.0
110,2014 CR-V Honda,1000.0,Uriel,47.0,0,20.55,https://static.hyrecar.com/https://s3.amazonaws.com/hyreprod/cars/e9d3d941-63d5-4b6e-9fb2-fa92a50ebd2e?p=web.offer.detail.carrousel.fullscreen,"2014 Honda CR-V   EX-L
Clean SUV with Bluetooth Radio
Back up camera, Sunroof, leather interior
Runs Perfect
",,
111,2016 Transit Ford,1000.0,harrison,150.0,0,32.91,https://static.hyrecar.com/https://s3.amazonaws.com/hyreprod/cars/7e38e4aa-8b44-49e9-8f52-527826bc930a?p=web.offer.detail.carrousel.fullscreen,"*** Delivery Only ***

Ford Transit 250  Comes with four straps a dolly and Bungee cords. 

*** Delivery Only ***",2.0,4.0
